_id,correlation
7319002,"{'CNAE_PRINCIPAL': 7319002, 'CNAE_SECUNDARIA': '7729202,4789003,5811500,5912099,4789001,4759899,8599604,5813100,8592999,7990200,2399101', 'count': 1}"
7319002,"{'CNAE_PRINCIPAL': 7319002, 'CNAE_SECUNDARIA': 4759899, 'count': 1}"
7319002,"{'CNAE_PRINCIPAL': 7319002, 'CNAE_SECUNDARIA': '9529199,7319099,8211300,5819100', 'count': 1}"
7319002,"{'CNAE_PRINCIPAL': 7319002, 'CNAE_SECUNDARIA': '4742300,4789099,4789001,4744003,4772500,4756300,7990200,4752100,1340501,4751201,4729699,4753900,4782202,4789007,4744099', 'count': 1}"
7319002,"{'CNAE_PRINCIPAL': 7319002, 'CNAE_SECUNDARIA': '4742300,4751201,4759899,4763604,4321500,4322302,4741500,4754703,4330404,4789004', 'count': 1}"
7319002,"{'CNAE_PRINCIPAL': 7319002, 'count': 12}"
7319002,"{'CNAE_PRINCIPAL': 7319002, 'CNAE_SECUNDARIA': 4781400, 'count': 1}"
7319002,"{'CNAE_PRINCIPAL': 7319002, 'CNAE_SECUNDARIA': 1412601, 'count': 1}"
4744004,"{'CNAE_PRINCIPAL': 4744004, 'count': 1}"
9521500,"{'CNAE_PRINCIPAL': 9521500, 'count': 1}"
4789004,"{'CNAE_PRINCIPAL': 4789004, 'CNAE_SECUNDARIA': 4763604, 'count': 1}"
4789004,"{'CNAE_PRINCIPAL': 4789004, 'CNAE_SECUNDARIA': '8122200,4755502,4789002,4723700,7319002,4789005', 'count': 1}"
4789004,"{'CNAE_PRINCIPAL': 4789004, 'CNAE_SECUNDARIA': 4744001, 'count': 1}"
4789004,"{'CNAE_PRINCIPAL': 4789004, 'CNAE_SECUNDARIA': '4789001,4759801,4781400,4789099,4789002,4754703,4782201,4744001,4744003,4742300,4743100,4723700,4729699', 'count': 1}"
4789004,"{'CNAE_PRINCIPAL': 4789004, 'CNAE_SECUNDARIA': '4771704,9609208,7500100', 'count': 1}"
4789004,"{'CNAE_PRINCIPAL': 4789004, 'CNAE_SECUNDARIA': '5590699,5320202,4781400,9609208,4771704,9602502,0159802', 'count': 1}"
1422300,"{'CNAE_PRINCIPAL': 1422300, 'CNAE_SECUNDARIA': 5620104, 'count': 1}"
1422300,"{'CNAE_PRINCIPAL': 1422300, 'CNAE_SECUNDARIA': '4781400,7020400', 'count': 1}"
5813100,"{'CNAE_PRINCIPAL': 5813100, 'CNAE_SECUNDARIA': '5812301,7319003,8219999,5819100', 'count': 1}"
5813100,"{'CNAE_PRINCIPAL': 5813100, 'CNAE_SECUNDARIA': 5812301, 'count': 1}"
5813100,"{'CNAE_PRINCIPAL': 5813100, 'CNAE_SECUNDARIA': 7319003, 'count': 1}"
1340599,"{'CNAE_PRINCIPAL': 1340599, 'CNAE_SECUNDARIA': 4781400, 'count': 1}"
1340599,"{'CNAE_PRINCIPAL': 1340599, 'count': 1}"
4755503,"{'CNAE_PRINCIPAL': 4755503, 'CNAE_SECUNDARIA': '4781400,4782201', 'count': 1}"
4755503,"{'CNAE_PRINCIPAL': 4755503, 'count': 2}"
4755503,"{'CNAE_PRINCIPAL': 4755503, 'CNAE_SECUNDARIA': '4721102,4789099,4789004', 'count': 1}"
141501,"{'CNAE_PRINCIPAL': 141501, 'CNAE_SECUNDARIA': '0141502,0151201,0151202,0151203', 'count': 1}"
4330402,"{'CNAE_PRINCIPAL': 4330402, 'CNAE_SECUNDARIA': 3101200, 'count': 1}"
4330402,"{'CNAE_PRINCIPAL': 4330402, 'CNAE_SECUNDARIA': '4330404,4321500,4399103', 'count': 1}"
4686902,"{'CNAE_PRINCIPAL': 4686902, 'CNAE_SECUNDARIA': '4649408,4649499,4759899', 'count': 1}"
4686902,"{'CNAE_PRINCIPAL': 4686902, 'CNAE_SECUNDARIA': '4684201,4789099', 'count': 1}"
3211602,"{'CNAE_PRINCIPAL': 3211602, 'CNAE_SECUNDARIA': '7420001,3299099', 'count': 1}"
4755501,"{'CNAE_PRINCIPAL': 4755501, 'CNAE_SECUNDARIA': '4755503,4755502', 'count': 1}"
7112000,"{'CNAE_PRINCIPAL': 7112000, 'CNAE_SECUNDARIA': '3313901,3321000,4321500,4322301,4322302,4322303,4329104,4399199,6621501,7020400,7111100,7119703,7119704,7732201,8299701', 'count': 1}"
4732600,"{'CNAE_PRINCIPAL': 4732600, 'count': 1}"
6630400,"{'CNAE_PRINCIPAL': 6630400, 'count': 1}"
4784900,"{'CNAE_PRINCIPAL': 4784900, 'count': 1}"
4784900,"{'CNAE_PRINCIPAL': 4784900, 'CNAE_SECUNDARIA': 4723700, 'count': 2}"
5229002,"{'CNAE_PRINCIPAL': 5229002, 'count': 1}"
151201,"{'CNAE_PRINCIPAL': 151201, 'count': 1}"
151201,"{'CNAE_PRINCIPAL': 151201, 'CNAE_SECUNDARIA': 151202, 'count': 1}"
4783101,"{'CNAE_PRINCIPAL': 4783101, 'CNAE_SECUNDARIA': 4781400, 'count': 1}"
4783101,"{'CNAE_PRINCIPAL': 4783101, 'CNAE_SECUNDARIA': 4789001, 'count': 1}"
4783101,"{'CNAE_PRINCIPAL': 4783101, 'count': 2}"
4649499,"{'CNAE_PRINCIPAL': 4649499, 'CNAE_SECUNDARIA': '4759899,9529199', 'count': 1}"
4399103,"{'CNAE_PRINCIPAL': 4399103, 'CNAE_SECUNDARIA': 9001902, 'count': 1}"
4399103,"{'CNAE_PRINCIPAL': 4399103, 'CNAE_SECUNDARIA': '8599699,4321500,3101200,4322301,2543800,4399199,4330404', 'count': 1}"
4399103,"{'CNAE_PRINCIPAL': 4399103, 'CNAE_SECUNDARIA': 4330405, 'count': 1}"
4399103,"{'CNAE_PRINCIPAL': 4399103, 'CNAE_SECUNDARIA': '4744099,4330405,4330404,3811400,4322301,4321500', 'count': 1}"
4399103,"{'CNAE_PRINCIPAL': 4399103, 'CNAE_SECUNDARIA': '4321500,4322301,4399199,4330404', 'count': 1}"
4399103,"{'CNAE_PRINCIPAL': 4399103, 'CNAE_SECUNDARIA': '4930201,4930204', 'count': 1}"
4399103,"{'CNAE_PRINCIPAL': 4399103, 'CNAE_SECUNDARIA': '4120400,4321500,4322301,4330402,4330403,4330404,4399199', 'count': 1}"
4399103,"{'CNAE_PRINCIPAL': 4399103, 'CNAE_SECUNDARIA': '4330404,4322301,4321500', 'count': 1}"
4399103,"{'CNAE_PRINCIPAL': 4399103, 'CNAE_SECUNDARIA': '4330404,8130300,4322301', 'count': 1}"
4399103,"{'CNAE_PRINCIPAL': 4399103, 'CNAE_SECUNDARIA': '4330404,4759899', 'count': 1}"
4399103,"{'CNAE_PRINCIPAL': 4399103, 'count': 18}"
4399103,"{'CNAE_PRINCIPAL': 4399103, 'CNAE_SECUNDARIA': '4330405,4330404,4399199,2542000,4330403,4322301,4330402,2599301,1622699', 'count': 1}"
4399103,"{'CNAE_PRINCIPAL': 4399103, 'CNAE_SECUNDARIA': '4322301,4321500', 'count': 2}"
4399103,"{'CNAE_PRINCIPAL': 4399103, 'CNAE_SECUNDARIA': 4330404, 'count': 3}"
4399103,"{'CNAE_PRINCIPAL': 4399103, 'CNAE_SECUNDARIA': '4330405,4330404,4330403,4322301,4321500,1622699', 'count': 1}"
4399103,"{'CNAE_PRINCIPAL': 4399103, 'CNAE_SECUNDARIA': '4330405,9001902,1622699', 'count': 1}"
4399103,"{'CNAE_PRINCIPAL': 4399103, 'CNAE_SECUNDARIA': '4330405,4330404,4322301,4330402,4321500,2599301,1622699', 'count': 1}"
4399103,"{'CNAE_PRINCIPAL': 4399103, 'CNAE_SECUNDARIA': '4330404,4322301,4321500,1622699', 'count': 2}"
5812302,"{'CNAE_PRINCIPAL': 5812302, 'CNAE_SECUNDARIA': '2399101,4789001,8230001,4789099,2063100,5819100,3299099', 'count': 1}"
7119701,"{'CNAE_PRINCIPAL': 7119701, 'count': 1}"
4744001,"{'CNAE_PRINCIPAL': 4744001, 'CNAE_SECUNDARIA': '8599604,2539001,9529103,3314710,2543800', 'count': 1}"
4744001,"{'CNAE_PRINCIPAL': 4744001, 'count': 1}"
4744001,"{'CNAE_PRINCIPAL': 4744001, 'CNAE_SECUNDARIA': 4753900, 'count': 1}"
1412602,"{'CNAE_PRINCIPAL': 1412602, 'CNAE_SECUNDARIA': 1340599, 'count': 1}"
1412602,"{'CNAE_PRINCIPAL': 1412602, 'CNAE_SECUNDARIA': '5812302,5912099,1749400,5813100,3299099', 'count': 1}"
1412602,"{'CNAE_PRINCIPAL': 1412602, 'CNAE_SECUNDARIA': 1412601, 'count': 1}"
1412602,"{'CNAE_PRINCIPAL': 1412602, 'CNAE_SECUNDARIA': 1422300, 'count': 1}"
1412602,"{'CNAE_PRINCIPAL': 1412602, 'count': 4}"
4761001,"{'CNAE_PRINCIPAL': 4761001, 'CNAE_SECUNDARIA': '7729299,5812302,5811500,4751201', 'count': 1}"
4761001,"{'CNAE_PRINCIPAL': 4761001, 'CNAE_SECUNDARIA': 4772500, 'count': 1}"
1096100,"{'CNAE_PRINCIPAL': 1096100, 'CNAE_SECUNDARIA': '5620104,1091102,1091101', 'count': 1}"
1096100,"{'CNAE_PRINCIPAL': 1096100, 'CNAE_SECUNDARIA': 5620104, 'count': 1}"
6470101,"{'CNAE_PRINCIPAL': 6470101, 'count': 2}"
4923001,"{'CNAE_PRINCIPAL': 4923001, 'CNAE_SECUNDARIA': '8129000,4744099,5223100,4712100,8230001,4744003,5590603,5590602,4722902,4723700,5611203,7729202,5611204,5611201', 'count': 1}"
4923001,"{'CNAE_PRINCIPAL': 4923001, 'CNAE_SECUNDARIA': 5310502, 'count': 1}"
4923001,"{'CNAE_PRINCIPAL': 4923001, 'count': 1}"
4120400,"{'CNAE_PRINCIPAL': 4120400, 'CNAE_SECUNDARIA': '7112000,4742300,8599604', 'count': 1}"
4120400,"{'CNAE_PRINCIPAL': 4120400, 'CNAE_SECUNDARIA': '4930202,4930201,4330499', 'count': 1}"
4120400,"{'CNAE_PRINCIPAL': 4120400, 'CNAE_SECUNDARIA': '4110700,4211102,4212000,4213800,4221901,4221902,4221904,4222701,4223500,4291000,4292801,4292802,4299501,4299599,4311801,4311802,4312600,4313400,4319300,4322301,4322303,4329199,4330401,4330402,4330404,4330405,4330499,4391600,4399101,4399102,4399103,4399105,4399199', 'count': 1}"
4120400,"{'CNAE_PRINCIPAL': 4120400, 'CNAE_SECUNDARIA': '4330404,4399199,4399103', 'count': 1}"
4120400,"{'CNAE_PRINCIPAL': 4120400, 'CNAE_SECUNDARIA': '4311802,4321500,4322301,4744099,5320202,8219999', 'count': 1}"
7020400,"{'CNAE_PRINCIPAL': 7020400, 'CNAE_SECUNDARIA': '6810202,6463800', 'count': 1}"
4330403,"{'CNAE_PRINCIPAL': 4330403, 'count': 1}"
4330403,"{'CNAE_PRINCIPAL': 4330403, 'CNAE_SECUNDARIA': '4321500,4322301,4330404,4744099', 'count': 1}"
4330403,"{'CNAE_PRINCIPAL': 4330403, 'CNAE_SECUNDARIA': 4330499, 'count': 1}"
4631100,"{'CNAE_PRINCIPAL': 4631100, 'count': 1}"
4520008,"{'CNAE_PRINCIPAL': 4520008, 'count': 1}"
7733100,"{'CNAE_PRINCIPAL': 7733100, 'CNAE_SECUNDARIA': '4783101,9511800,8230001,4781400,4757100,6190699,4321500,4785799,4763603,4751201', 'count': 1}"
5611201,"{'CNAE_PRINCIPAL': 5611201, 'CNAE_SECUNDARIA': '5611204,5611203', 'count': 1}"
5611201,"{'CNAE_PRINCIPAL': 5611201, 'CNAE_SECUNDARIA': '4723700,5611203,5611204,5620102,5620104,8230001', 'count': 1}"
5611201,"{'CNAE_PRINCIPAL': 5611201, 'CNAE_SECUNDARIA': '5620104,5611203', 'count': 1}"
5611201,"{'CNAE_PRINCIPAL': 5611201, 'CNAE_SECUNDARIA': 5611204, 'count': 2}"
5611201,"{'CNAE_PRINCIPAL': 5611201, 'CNAE_SECUNDARIA': '5611203,5611204', 'count': 2}"
5611201,"{'CNAE_PRINCIPAL': 5611201, 'CNAE_SECUNDARIA': '4712100,4729699,5611204', 'count': 1}"
5611201,"{'CNAE_PRINCIPAL': 5611201, 'CNAE_SECUNDARIA': '5620104,5620101', 'count': 1}"
5611201,"{'CNAE_PRINCIPAL': 5611201, 'count': 5}"
5611201,"{'CNAE_PRINCIPAL': 5611201, 'CNAE_SECUNDARIA': '5611203,4712100,5611204,4729602', 'count': 1}"
5611201,"{'CNAE_PRINCIPAL': 5611201, 'CNAE_SECUNDARIA': '8230002,5611203,5611204', 'count': 1}"
5611201,"{'CNAE_PRINCIPAL': 5611201, 'CNAE_SECUNDARIA': 5611203, 'count': 2}"
5611201,"{'CNAE_PRINCIPAL': 5611201, 'CNAE_SECUNDARIA': '5620104,4723700,4721102,5611203,1091101,5611205', 'count': 1}"
4930202,"{'CNAE_PRINCIPAL': 4930202, 'CNAE_SECUNDARIA': '4930203,4930204,5120000', 'count': 1}"
4930202,"{'CNAE_PRINCIPAL': 4930202, 'count': 3}"
4930202,"{'CNAE_PRINCIPAL': 4930202, 'CNAE_SECUNDARIA': 4930201, 'count': 1}"
4930202,"{'CNAE_PRINCIPAL': 4930202, 'CNAE_SECUNDARIA': '4930204,4313400,7719599', 'count': 1}"
4930202,"{'CNAE_PRINCIPAL': 4930202, 'CNAE_SECUNDARIA': '5320202,5620104,4723700,4721104,4721102,4930201,3321000,5611203', 'count': 1}"
3314719,"{'CNAE_PRINCIPAL': 3314719, 'CNAE_SECUNDARIA': '3311200,2539001,3314702,3314720,3314701,3321000', 'count': 1}"
4763603,"{'CNAE_PRINCIPAL': 4763603, 'count': 2}"
4763603,"{'CNAE_PRINCIPAL': 4763603, 'CNAE_SECUNDARIA': '4541206,4757100,4530703', 'count': 1}"
1749400,"{'CNAE_PRINCIPAL': 1749400, 'CNAE_SECUNDARIA': '5620104,4789099,1091102', 'count': 1}"
9529102,"{'CNAE_PRINCIPAL': 9529102, 'count': 1}"
115600,"{'CNAE_PRINCIPAL': 115600, 'count': 1}"
220999,"{'CNAE_PRINCIPAL': 220999, 'CNAE_SECUNDARIA': '0210107,8299799,4671100,4744002,0230600,0210199,4789099', 'count': 1}"
1066000,"{'CNAE_PRINCIPAL': 1066000, 'CNAE_SECUNDARIA': '4692300,4744001,4930202,8299799', 'count': 1}"
7739099,"{'CNAE_PRINCIPAL': 7739099, 'CNAE_SECUNDARIA': '2542000,7732202', 'count': 1}"
4755502,"{'CNAE_PRINCIPAL': 4755502, 'CNAE_SECUNDARIA': '1092900,4763601,4759801,4781400,4789099,4782201,4755503,4753900,3212400,4713002,1093701,4729699,1091102,4772500', 'count': 1}"
4755502,"{'CNAE_PRINCIPAL': 4755502, 'CNAE_SECUNDARIA': '4763601,4781400,4755501,4789099,4713002', 'count': 1}"
4755502,"{'CNAE_PRINCIPAL': 4755502, 'CNAE_SECUNDARIA': '4755503,4781400,4772500', 'count': 1}"
4755502,"{'CNAE_PRINCIPAL': 4755502, 'CNAE_SECUNDARIA': '4742300,4744003,4713002,4744001', 'count': 1}"
4755502,"{'CNAE_PRINCIPAL': 4755502, 'count': 3}"
4755502,"{'CNAE_PRINCIPAL': 4755502, 'CNAE_SECUNDARIA': '4763601,4713002,4763604', 'count': 1}"
8599603,"{'CNAE_PRINCIPAL': 8599603, 'CNAE_SECUNDARIA': '9511800,6190699', 'count': 1}"
4782201,"{'CNAE_PRINCIPAL': 4782201, 'CNAE_SECUNDARIA': 4781400, 'count': 2}"
4782201,"{'CNAE_PRINCIPAL': 4782201, 'CNAE_SECUNDARIA': '4781400,4782202,4761003', 'count': 1}"
4782201,"{'CNAE_PRINCIPAL': 4782201, 'CNAE_SECUNDARIA': '4755503,4781400', 'count': 1}"
4782201,"{'CNAE_PRINCIPAL': 4782201, 'count': 3}"
4782201,"{'CNAE_PRINCIPAL': 4782201, 'CNAE_SECUNDARIA': '4755502,4759899,4763601,4781400,4789001,4789099', 'count': 1}"
4754702,"{'CNAE_PRINCIPAL': 4754702, 'CNAE_SECUNDARIA': 7319002, 'count': 1}"
4754702,"{'CNAE_PRINCIPAL': 4754702, 'CNAE_SECUNDARIA': 4754701, 'count': 1}"
4713002,"{'CNAE_PRINCIPAL': 4713002, 'CNAE_SECUNDARIA': '4789002,4789099', 'count': 1}"
4713002,"{'CNAE_PRINCIPAL': 4713002, 'CNAE_SECUNDARIA': '4755502,5612100,4721103,4723700,4789005', 'count': 1}"
4713002,"{'CNAE_PRINCIPAL': 4713002, 'CNAE_SECUNDARIA': '4789001,4789099', 'count': 1}"
4713002,"{'CNAE_PRINCIPAL': 4713002, 'CNAE_SECUNDARIA': '4744003,4322301', 'count': 1}"
4713002,"{'CNAE_PRINCIPAL': 4713002, 'count': 1}"
2330399,"{'CNAE_PRINCIPAL': 2330399, 'count': 1}"
2330399,"{'CNAE_PRINCIPAL': 2330399, 'CNAE_SECUNDARIA': 4759899, 'count': 1}"
4721102,"{'CNAE_PRINCIPAL': 4721102, 'count': 1}"
4721102,"{'CNAE_PRINCIPAL': 4721102, 'CNAE_SECUNDARIA': '1033302,5620101,4721103', 'count': 1}"
7711000,"{'CNAE_PRINCIPAL': 7711000, 'CNAE_SECUNDARIA': '5510801,7990200', 'count': 1}"
7711000,"{'CNAE_PRINCIPAL': 7711000, 'CNAE_SECUNDARIA': '4921301,4923002,4924800,4930201,7719599', 'count': 1}"
9601701,"{'CNAE_PRINCIPAL': 9601701, 'CNAE_SECUNDARIA': 9601703, 'count': 1}"
113000,"{'CNAE_PRINCIPAL': 113000, 'CNAE_SECUNDARIA': '0155501,0139306,0151201', 'count': 1}"
113000,"{'CNAE_PRINCIPAL': 113000, 'count': 1}"
4321500,"{'CNAE_PRINCIPAL': 4321500, 'CNAE_SECUNDARIA': '9521500,9511800,5320202,4330403,4543900,4322301,4399103,4520005,3329501', 'count': 1}"
4321500,"{'CNAE_PRINCIPAL': 4321500, 'CNAE_SECUNDARIA': 4322301, 'count': 1}"
4321500,"{'CNAE_PRINCIPAL': 4321500, 'CNAE_SECUNDARIA': '4752100,4759899', 'count': 1}"
4321500,"{'CNAE_PRINCIPAL': 4321500, 'CNAE_SECUNDARIA': '4742300,4330405,4330404,4930204,4322302,4322301,4713002,3101200,4399103,3321000', 'count': 1}"
4321500,"{'CNAE_PRINCIPAL': 4321500, 'CNAE_SECUNDARIA': 4759899, 'count': 1}"
4321500,"{'CNAE_PRINCIPAL': 4321500, 'CNAE_SECUNDARIA': '4742300,4330404,3299004', 'count': 1}"
4321500,"{'CNAE_PRINCIPAL': 4321500, 'CNAE_SECUNDARIA': '4753900,4322301', 'count': 1}"
4321500,"{'CNAE_PRINCIPAL': 4321500, 'CNAE_SECUNDARIA': '4330405,4330404,4322301,4330402,4399103', 'count': 1}"
4321500,"{'CNAE_PRINCIPAL': 4321500, 'CNAE_SECUNDARIA': '4742300,9512600,9511800,9001906,4752100,6190699,3313901', 'count': 1}"
4321500,"{'CNAE_PRINCIPAL': 4321500, 'CNAE_SECUNDARIA': 6190699, 'count': 2}"
4321500,"{'CNAE_PRINCIPAL': 4321500, 'count': 4}"
4321500,"{'CNAE_PRINCIPAL': 4321500, 'CNAE_SECUNDARIA': 5620104, 'count': 1}"
4321500,"{'CNAE_PRINCIPAL': 4321500, 'CNAE_SECUNDARIA': '8020002,4752100,6190699,4751201,4322302,4753900,4757100,3329501', 'count': 1}"
4321500,"{'CNAE_PRINCIPAL': 4321500, 'CNAE_SECUNDARIA': 4322302, 'count': 1}"
9102301,"{'CNAE_PRINCIPAL': 9102301, 'count': 1}"
3230200,"{'CNAE_PRINCIPAL': 3230200, 'CNAE_SECUNDARIA': 3317102, 'count': 1}"
1033302,"{'CNAE_PRINCIPAL': 1033302, 'count': 1}"
3299099,"{'CNAE_PRINCIPAL': 3299099, 'CNAE_SECUNDARIA': 1412601, 'count': 1}"
3299099,"{'CNAE_PRINCIPAL': 3299099, 'count': 9}"
3299099,"{'CNAE_PRINCIPAL': 3299099, 'CNAE_SECUNDARIA': '4789099,3212400', 'count': 1}"
3299099,"{'CNAE_PRINCIPAL': 3299099, 'CNAE_SECUNDARIA': '4755503,1412602,1352900,1422300,1340599', 'count': 1}"
3299099,"{'CNAE_PRINCIPAL': 3299099, 'CNAE_SECUNDARIA': 4781400, 'count': 1}"
6622300,"{'CNAE_PRINCIPAL': 6622300, 'CNAE_SECUNDARIA': '6619399,8640202', 'count': 1}"
9102302,"{'CNAE_PRINCIPAL': 9102302, 'count': 2}"
1033301,"{'CNAE_PRINCIPAL': 1033301, 'CNAE_SECUNDARIA': '1096100,1033302,1099605,1122403,1031700', 'count': 1}"
4520006,"{'CNAE_PRINCIPAL': 4520006, 'CNAE_SECUNDARIA': '4541206,4543900,3299099', 'count': 1}"
4520006,"{'CNAE_PRINCIPAL': 4520006, 'CNAE_SECUNDARIA': 4530705, 'count': 1}"
4520006,"{'CNAE_PRINCIPAL': 4520006, 'count': 2}"
9420100,"{'CNAE_PRINCIPAL': 9420100, 'count': 1}"
1412603,"{'CNAE_PRINCIPAL': 1412603, 'CNAE_SECUNDARIA': '1412602,4781400', 'count': 1}"
1412603,"{'CNAE_PRINCIPAL': 1412603, 'CNAE_SECUNDARIA': '1411802,1411801,1412601,4642701,4781400', 'count': 1}"
1412603,"{'CNAE_PRINCIPAL': 1412603, 'CNAE_SECUNDARIA': 4789099, 'count': 1}"
1412603,"{'CNAE_PRINCIPAL': 1412603, 'count': 1}"
1629301,"{'CNAE_PRINCIPAL': 1629301, 'CNAE_SECUNDARIA': '2319200,1749400,2229399,3299099', 'count': 1}"
5510801,"{'CNAE_PRINCIPAL': 5510801, 'CNAE_SECUNDARIA': '5611201,4723700', 'count': 1}"
5510801,"{'CNAE_PRINCIPAL': 5510801, 'CNAE_SECUNDARIA': '0111302,0119905,0119906,0119907,0119999,0121101,0131800,0132600,0133402,0133499,0139303,0139304,0155503,0155504,1013901,1032599,4729602,4729699,4742300,4744004,4744005,4744099,5611201,5611203,5611204,8230002', 'count': 1}"
5510801,"{'CNAE_PRINCIPAL': 5510801, 'count': 1}"
7490105,"{'CNAE_PRINCIPAL': 7490105, 'count': 1}"
5590699,"{'CNAE_PRINCIPAL': 5590699, 'CNAE_SECUNDARIA': '5611203,5611201', 'count': 1}"
5590699,"{'CNAE_PRINCIPAL': 5590699, 'count': 1}"
4617600,"{'CNAE_PRINCIPAL': 4617600, 'count': 1}"
2052500,"{'CNAE_PRINCIPAL': 2052500, 'CNAE_SECUNDARIA': 4789005, 'count': 1}"
3329501,"{'CNAE_PRINCIPAL': 3329501, 'CNAE_SECUNDARIA': 4744002, 'count': 1}"
3329501,"{'CNAE_PRINCIPAL': 3329501, 'CNAE_SECUNDARIA': 3101200, 'count': 2}"
4771701,"{'CNAE_PRINCIPAL': 4771701, 'CNAE_SECUNDARIA': 4772500, 'count': 2}"
4771701,"{'CNAE_PRINCIPAL': 4771701, 'CNAE_SECUNDARIA': '4772500,4729602,4753900', 'count': 1}"
6920601,"{'CNAE_PRINCIPAL': 6920601, 'count': 2}"
6920601,"{'CNAE_PRINCIPAL': 6920601, 'CNAE_SECUNDARIA': 6920602, 'count': 1}"
6920601,"{'CNAE_PRINCIPAL': 6920601, 'CNAE_SECUNDARIA': '4763601,4759801,4781400,4789099,4754701,4763602,4744001,4773300,4755503,4755502,4755501,4723700,4789005,4789007', 'count': 1}"
2542000,"{'CNAE_PRINCIPAL': 2542000, 'CNAE_SECUNDARIA': 4744099, 'count': 1}"
2542000,"{'CNAE_PRINCIPAL': 2542000, 'CNAE_SECUNDARIA': '2539001,4399103,4744001', 'count': 1}"
2542000,"{'CNAE_PRINCIPAL': 2542000, 'count': 2}"
2542000,"{'CNAE_PRINCIPAL': 2542000, 'CNAE_SECUNDARIA': '9529105,2512800,2532201,2091600', 'count': 1}"
8630503,"{'CNAE_PRINCIPAL': 8630503, 'CNAE_SECUNDARIA': 8640207, 'count': 1}"
8630503,"{'CNAE_PRINCIPAL': 8630503, 'CNAE_SECUNDARIA': '8630504,8650002,8650003,8650004,8660700,8690903,8690904,9602502', 'count': 1}"
8630503,"{'CNAE_PRINCIPAL': 8630503, 'count': 2}"
4721103,"{'CNAE_PRINCIPAL': 4721103, 'CNAE_SECUNDARIA': '4755502,4781400', 'count': 1}"
4721103,"{'CNAE_PRINCIPAL': 4721103, 'count': 1}"
4721103,"{'CNAE_PRINCIPAL': 4721103, 'CNAE_SECUNDARIA': '4723700,4713002,4721102,5611203,1091101', 'count': 1}"
9493600,"{'CNAE_PRINCIPAL': 9493600, 'CNAE_SECUNDARIA': 6399200, 'count': 1}"
9529101,"{'CNAE_PRINCIPAL': 9529101, 'count': 1}"
6399200,"{'CNAE_PRINCIPAL': 6399200, 'count': 1}"
6399200,"{'CNAE_PRINCIPAL': 6399200, 'CNAE_SECUNDARIA': '5620104,5812302,5912099,5812301,5813100,7420001', 'count': 1}"
4711301,"{'CNAE_PRINCIPAL': 4711301, 'CNAE_SECUNDARIA': '4691500,4639701,4761002', 'count': 1}"
4543900,"{'CNAE_PRINCIPAL': 4543900, 'count': 1}"
4543900,"{'CNAE_PRINCIPAL': 4543900, 'CNAE_SECUNDARIA': '4732600,4541206,4541207,4530705', 'count': 1}"
4543900,"{'CNAE_PRINCIPAL': 4543900, 'CNAE_SECUNDARIA': 4541206, 'count': 2}"
3314710,"{'CNAE_PRINCIPAL': 3314710, 'CNAE_SECUNDARIA': '4665600,7820500', 'count': 1}"
8219999,"{'CNAE_PRINCIPAL': 8219999, 'count': 4}"
8219999,"{'CNAE_PRINCIPAL': 8219999, 'CNAE_SECUNDARIA': 9700500, 'count': 1}"
8219999,"{'CNAE_PRINCIPAL': 8219999, 'CNAE_SECUNDARIA': '5812302,5812301,5912099,5813100', 'count': 1}"
8219999,"{'CNAE_PRINCIPAL': 8219999, 'CNAE_SECUNDARIA': '5620102,8211300', 'count': 1}"
4612500,"{'CNAE_PRINCIPAL': 4612500, 'count': 1}"
4761002,"{'CNAE_PRINCIPAL': 4761002, 'count': 3}"
4330404,"{'CNAE_PRINCIPAL': 4330404, 'CNAE_SECUNDARIA': 4399103, 'count': 1}"
4330404,"{'CNAE_PRINCIPAL': 4330404, 'CNAE_SECUNDARIA': 1412602, 'count': 1}"
4330404,"{'CNAE_PRINCIPAL': 4330404, 'CNAE_SECUNDARIA': 8230001, 'count': 1}"
4330404,"{'CNAE_PRINCIPAL': 4330404, 'CNAE_SECUNDARIA': '8599699,8592999', 'count': 1}"
4330404,"{'CNAE_PRINCIPAL': 4330404, 'CNAE_SECUNDARIA': '4321500,4399103', 'count': 1}"
4330404,"{'CNAE_PRINCIPAL': 4330404, 'count': 5}"
4330404,"{'CNAE_PRINCIPAL': 4330404, 'CNAE_SECUNDARIA': '4330405,4322301,4321500,4399103', 'count': 1}"
9001904,"{'CNAE_PRINCIPAL': 9001904, 'CNAE_SECUNDARIA': '9001901,8230001,9329899', 'count': 1}"
6204000,"{'CNAE_PRINCIPAL': 6204000, 'count': 1}"
8599699,"{'CNAE_PRINCIPAL': 8599699, 'count': 7}"
8599699,"{'CNAE_PRINCIPAL': 8599699, 'CNAE_SECUNDARIA': '9001901,8230002', 'count': 1}"
8599699,"{'CNAE_PRINCIPAL': 8599699, 'CNAE_SECUNDARIA': '8599605,8230001,7911200,8599604,7319002,7990200', 'count': 1}"
8599699,"{'CNAE_PRINCIPAL': 8599699, 'CNAE_SECUNDARIA': 8599604, 'count': 1}"
8599699,"{'CNAE_PRINCIPAL': 8599699, 'CNAE_SECUNDARIA': 8599605, 'count': 1}"
8599699,"{'CNAE_PRINCIPAL': 8599699, 'CNAE_SECUNDARIA': '4541206,7911200,7319099', 'count': 1}"
8593700,"{'CNAE_PRINCIPAL': 8593700, 'CNAE_SECUNDARIA': '6311900,8541400,8550302,8599603,8599604', 'count': 1}"
4789001,"{'CNAE_PRINCIPAL': 4789001, 'CNAE_SECUNDARIA': '4781400,4772500', 'count': 1}"
4789001,"{'CNAE_PRINCIPAL': 4789001, 'CNAE_SECUNDARIA': '4755503,2399101,9602501,4781400,3212400,2330399', 'count': 1}"
4789001,"{'CNAE_PRINCIPAL': 4789001, 'CNAE_SECUNDARIA': '4755502,4772500', 'count': 1}"
4789001,"{'CNAE_PRINCIPAL': 4789001, 'count': 2}"
4789001,"{'CNAE_PRINCIPAL': 4789001, 'CNAE_SECUNDARIA': '4755502,4761003,4763601,4759899', 'count': 1}"
6810202,"{'CNAE_PRINCIPAL': 6810202, 'count': 1}"
8541400,"{'CNAE_PRINCIPAL': 8541400, 'CNAE_SECUNDARIA': '8550302,7410299', 'count': 1}"
9511800,"{'CNAE_PRINCIPAL': 9511800, 'count': 1}"
9511800,"{'CNAE_PRINCIPAL': 9511800, 'CNAE_SECUNDARIA': 4751201, 'count': 2}"
9511800,"{'CNAE_PRINCIPAL': 9511800, 'CNAE_SECUNDARIA': '4751201,5912099,6190699,6201502,6204000,6319400,7319003,7319004,7420001,7420004,7733100,8599603', 'count': 1}"
9511800,"{'CNAE_PRINCIPAL': 9511800, 'CNAE_SECUNDARIA': '9512600,3299099', 'count': 1}"
9511800,"{'CNAE_PRINCIPAL': 9511800, 'CNAE_SECUNDARIA': '8599603,4752100,8299707,4789007,4751202,4751201', 'count': 1}"
9511800,"{'CNAE_PRINCIPAL': 9511800, 'CNAE_SECUNDARIA': 6209100, 'count': 1}"
9511800,"{'CNAE_PRINCIPAL': 9511800, 'CNAE_SECUNDARIA': '4752100,6190699,4751201,4321500,4759899,9512600', 'count': 1}"
5611204,"{'CNAE_PRINCIPAL': 5611204, 'count': 5}"
5611204,"{'CNAE_PRINCIPAL': 5611204, 'CNAE_SECUNDARIA': '5620102,8592999', 'count': 1}"
5611204,"{'CNAE_PRINCIPAL': 5611204, 'CNAE_SECUNDARIA': '8230001,4723700,4789005,4772500', 'count': 1}"
5611204,"{'CNAE_PRINCIPAL': 5611204, 'CNAE_SECUNDARIA': 9329803, 'count': 1}"
5611204,"{'CNAE_PRINCIPAL': 5611204, 'CNAE_SECUNDARIA': '4723700,5611201,5510801', 'count': 1}"
5611204,"{'CNAE_PRINCIPAL': 5611204, 'CNAE_SECUNDARIA': '5620104,4755502,4723700', 'count': 1}"
7420004,"{'CNAE_PRINCIPAL': 7420004, 'CNAE_SECUNDARIA': '5811500,5912099,1813001,5912001,7319003,8230001,7420002,7420001', 'count': 1}"
9700500,"{'CNAE_PRINCIPAL': 9700500, 'count': 8}"
9700500,"{'CNAE_PRINCIPAL': 9700500, 'CNAE_SECUNDARIA': '5612100,9602501', 'count': 1}"
5611203,"{'CNAE_PRINCIPAL': 5611203, 'CNAE_SECUNDARIA': '4729699,4721102,5611201,5620102', 'count': 1}"
5611203,"{'CNAE_PRINCIPAL': 5611203, 'CNAE_SECUNDARIA': '4724500,5611201', 'count': 1}"
5611203,"{'CNAE_PRINCIPAL': 5611203, 'CNAE_SECUNDARIA': '4763601,5620104,4755502,4781400,4713002', 'count': 1}"
5611203,"{'CNAE_PRINCIPAL': 5611203, 'CNAE_SECUNDARIA': 4721104, 'count': 1}"
5611203,"{'CNAE_PRINCIPAL': 5611203, 'CNAE_SECUNDARIA': '4712100,5611201', 'count': 1}"
5611203,"{'CNAE_PRINCIPAL': 5611203, 'CNAE_SECUNDARIA': 5611201, 'count': 1}"
5611203,"{'CNAE_PRINCIPAL': 5611203, 'CNAE_SECUNDARIA': 5320202, 'count': 1}"
5611203,"{'CNAE_PRINCIPAL': 5611203, 'CNAE_SECUNDARIA': '5611204,5611201', 'count': 1}"
5611203,"{'CNAE_PRINCIPAL': 5611203, 'CNAE_SECUNDARIA': '5620104,5620102,5612100,4721103,4721102,4723700,4722901,5611204', 'count': 1}"
5611203,"{'CNAE_PRINCIPAL': 5611203, 'count': 7}"
5611203,"{'CNAE_PRINCIPAL': 5611203, 'CNAE_SECUNDARIA': 5611204, 'count': 1}"
5611203,"{'CNAE_PRINCIPAL': 5611203, 'CNAE_SECUNDARIA': 5620104, 'count': 2}"
5612100,"{'CNAE_PRINCIPAL': 5612100, 'CNAE_SECUNDARIA': 5620104, 'count': 1}"
5612100,"{'CNAE_PRINCIPAL': 5612100, 'CNAE_SECUNDARIA': '5620104,4721104,4723700,5611203', 'count': 1}"
5612100,"{'CNAE_PRINCIPAL': 5612100, 'CNAE_SECUNDARIA': 1052000, 'count': 1}"
5612100,"{'CNAE_PRINCIPAL': 5612100, 'CNAE_SECUNDARIA': 4724500, 'count': 1}"
5612100,"{'CNAE_PRINCIPAL': 5612100, 'CNAE_SECUNDARIA': '4763601,4755503,4781400,4789099,4772500', 'count': 1}"
5612100,"{'CNAE_PRINCIPAL': 5612100, 'CNAE_SECUNDARIA': '4712100,4723700', 'count': 1}"
5612100,"{'CNAE_PRINCIPAL': 5612100, 'CNAE_SECUNDARIA': 4721103, 'count': 1}"
5612100,"{'CNAE_PRINCIPAL': 5612100, 'CNAE_SECUNDARIA': '4724500,4723700,1094500', 'count': 1}"
5612100,"{'CNAE_PRINCIPAL': 5612100, 'CNAE_SECUNDARIA': '4789005,4772500', 'count': 1}"
5612100,"{'CNAE_PRINCIPAL': 5612100, 'CNAE_SECUNDARIA': '5620104,1091102', 'count': 1}"
5612100,"{'CNAE_PRINCIPAL': 5612100, 'CNAE_SECUNDARIA': 4781400, 'count': 1}"
5612100,"{'CNAE_PRINCIPAL': 5612100, 'count': 11}"
4322301,"{'CNAE_PRINCIPAL': 4322301, 'CNAE_SECUNDARIA': 4321500, 'count': 1}"
4322301,"{'CNAE_PRINCIPAL': 4322301, 'count': 1}"
5620104,"{'CNAE_PRINCIPAL': 5620104, 'CNAE_SECUNDARIA': 5620101, 'count': 1}"
5620104,"{'CNAE_PRINCIPAL': 5620104, 'CNAE_SECUNDARIA': '5611203,5620101', 'count': 1}"
5620104,"{'CNAE_PRINCIPAL': 5620104, 'CNAE_SECUNDARIA': '1096100,5620101,3299099,1340599', 'count': 1}"
5620104,"{'CNAE_PRINCIPAL': 5620104, 'count': 11}"
5620104,"{'CNAE_PRINCIPAL': 5620104, 'CNAE_SECUNDARIA': '5620102,5612100', 'count': 1}"
5620104,"{'CNAE_PRINCIPAL': 5620104, 'CNAE_SECUNDARIA': '4781400,9602501,5620101', 'count': 1}"
5620104,"{'CNAE_PRINCIPAL': 5620104, 'CNAE_SECUNDARIA': '5620102,4722901', 'count': 1}"
5620104,"{'CNAE_PRINCIPAL': 5620104, 'CNAE_SECUNDARIA': '4729699,3314701,3299099', 'count': 1}"
5620104,"{'CNAE_PRINCIPAL': 5620104, 'CNAE_SECUNDARIA': 5612100, 'count': 1}"
5620104,"{'CNAE_PRINCIPAL': 5620104, 'CNAE_SECUNDARIA': 1096100, 'count': 2}"
5620104,"{'CNAE_PRINCIPAL': 5620104, 'CNAE_SECUNDARIA': 1091102, 'count': 2}"
3600602,"{'CNAE_PRINCIPAL': 3600602, 'CNAE_SECUNDARIA': '4930201,4930202', 'count': 1}"
4721104,"{'CNAE_PRINCIPAL': 4721104, 'CNAE_SECUNDARIA': 4723700, 'count': 1}"
4721104,"{'CNAE_PRINCIPAL': 4721104, 'CNAE_SECUNDARIA': 4721102, 'count': 1}"
5223100,"{'CNAE_PRINCIPAL': 5223100, 'CNAE_SECUNDARIA': '5611203,4520005', 'count': 1}"
6911701,"{'CNAE_PRINCIPAL': 6911701, 'count': 2}"
4639701,"{'CNAE_PRINCIPAL': 4639701, 'count': 1}"
2599301,"{'CNAE_PRINCIPAL': 2599301, 'CNAE_SECUNDARIA': '4330405,4330404,4399103,1622699', 'count': 1}"
8591100,"{'CNAE_PRINCIPAL': 8591100, 'CNAE_SECUNDARIA': '7311400,7490104,7739003,8230001,9311500,9319101', 'count': 1}"
1091102,"{'CNAE_PRINCIPAL': 1091102, 'CNAE_SECUNDARIA': '1096100,5620104,9329899,5620102,4721102,1093701,4729699', 'count': 1}"
1091102,"{'CNAE_PRINCIPAL': 1091102, 'CNAE_SECUNDARIA': '5611203,4721102', 'count': 1}"
1091102,"{'CNAE_PRINCIPAL': 1091102, 'count': 3}"
1091102,"{'CNAE_PRINCIPAL': 1091102, 'CNAE_SECUNDARIA': 5620104, 'count': 1}"
1091102,"{'CNAE_PRINCIPAL': 1091102, 'CNAE_SECUNDARIA': 9602501, 'count': 1}"
8712300,"{'CNAE_PRINCIPAL': 8712300, 'count': 5}"
4619200,"{'CNAE_PRINCIPAL': 4619200, 'count': 2}"
4652400,"{'CNAE_PRINCIPAL': 4652400, 'CNAE_SECUNDARIA': '4669999,4679604,4649401,4649406,4759899,4752100,4751201,4789007,4754703,4757100,4753900,9521500,6110801,8020001,4321500,4322302', 'count': 1}"
4652400,"{'CNAE_PRINCIPAL': 4652400, 'CNAE_SECUNDARIA': '4752100,4757100', 'count': 1}"
9602501,"{'CNAE_PRINCIPAL': 9602501, 'CNAE_SECUNDARIA': '5620104,4781400,4723700,5611203,5611204,4772500', 'count': 1}"
9602501,"{'CNAE_PRINCIPAL': 9602501, 'CNAE_SECUNDARIA': '4755503,4789001,4781400,4785799,4772500', 'count': 1}"
9602501,"{'CNAE_PRINCIPAL': 9602501, 'CNAE_SECUNDARIA': 2542000, 'count': 1}"
9602501,"{'CNAE_PRINCIPAL': 9602501, 'count': 30}"
9602501,"{'CNAE_PRINCIPAL': 9602501, 'CNAE_SECUNDARIA': '1096100,4772500', 'count': 1}"
9602501,"{'CNAE_PRINCIPAL': 9602501, 'CNAE_SECUNDARIA': '4789001,4781400', 'count': 1}"
9602501,"{'CNAE_PRINCIPAL': 9602501, 'CNAE_SECUNDARIA': '9602502,4772500', 'count': 4}"
9602501,"{'CNAE_PRINCIPAL': 9602501, 'CNAE_SECUNDARIA': '4789001,4781400,4772500', 'count': 1}"
9602501,"{'CNAE_PRINCIPAL': 9602501, 'CNAE_SECUNDARIA': '4781400,4772500,9602502', 'count': 1}"
9602501,"{'CNAE_PRINCIPAL': 9602501, 'CNAE_SECUNDARIA': '8599604,4772500,9602502', 'count': 1}"
9602501,"{'CNAE_PRINCIPAL': 9602501, 'CNAE_SECUNDARIA': 5620104, 'count': 1}"
9602501,"{'CNAE_PRINCIPAL': 9602501, 'CNAE_SECUNDARIA': '4781400,4772500', 'count': 1}"
9602501,"{'CNAE_PRINCIPAL': 9602501, 'CNAE_SECUNDARIA': 4781400, 'count': 1}"
9602501,"{'CNAE_PRINCIPAL': 9602501, 'CNAE_SECUNDARIA': 4772500, 'count': 4}"
9602501,"{'CNAE_PRINCIPAL': 9602501, 'CNAE_SECUNDARIA': '5612100,6920601,4789001,9602502,4729699', 'count': 1}"
9602501,"{'CNAE_PRINCIPAL': 9602501, 'CNAE_SECUNDARIA': 9602502, 'count': 3}"
9529105,"{'CNAE_PRINCIPAL': 9529105, 'CNAE_SECUNDARIA': '3101200,3102100', 'count': 1}"
5590603,"{'CNAE_PRINCIPAL': 5590603, 'count': 1}"
4530703,"{'CNAE_PRINCIPAL': 4530703, 'count': 3}"
4530703,"{'CNAE_PRINCIPAL': 4530703, 'CNAE_SECUNDARIA': '4520001,4530705,4732600,4753900', 'count': 1}"
4530703,"{'CNAE_PRINCIPAL': 4530703, 'CNAE_SECUNDARIA': '4530705,4789099', 'count': 1}"
4530703,"{'CNAE_PRINCIPAL': 4530703, 'CNAE_SECUNDARIA': 4759899, 'count': 1}"
8121400,"{'CNAE_PRINCIPAL': 8121400, 'CNAE_SECUNDARIA': '7020400,8111700,8299799,9609299', 'count': 1}"
8121400,"{'CNAE_PRINCIPAL': 8121400, 'count': 1}"
6190699,"{'CNAE_PRINCIPAL': 6190699, 'count': 1}"
2221800,"{'CNAE_PRINCIPAL': 2221800, 'CNAE_SECUNDARIA': 4930202, 'count': 1}"
6462000,"{'CNAE_PRINCIPAL': 6462000, 'CNAE_SECUNDARIA': '6810202,6810201', 'count': 1}"
6462000,"{'CNAE_PRINCIPAL': 6462000, 'count': 4}"
8422100,"{'CNAE_PRINCIPAL': 8422100, 'CNAE_SECUNDARIA': 8411600, 'count': 1}"
5811500,"{'CNAE_PRINCIPAL': 5811500, 'count': 1}"
4541206,"{'CNAE_PRINCIPAL': 4541206, 'count': 2}"
7912100,"{'CNAE_PRINCIPAL': 7912100, 'count': 1}"
4110700,"{'CNAE_PRINCIPAL': 4110700, 'count': 2}"
4110700,"{'CNAE_PRINCIPAL': 4110700, 'CNAE_SECUNDARIA': '4120400,6810201', 'count': 2}"
4322302,"{'CNAE_PRINCIPAL': 4322302, 'count': 2}"
4322302,"{'CNAE_PRINCIPAL': 4322302, 'CNAE_SECUNDARIA': '7739099,3314706,4742300,9521500,3314707,4753900,4757100,4321500,3321000', 'count': 1}"
8211300,"{'CNAE_PRINCIPAL': 8211300, 'CNAE_SECUNDARIA': '5612100,9511800,4772500', 'count': 1}"
8211300,"{'CNAE_PRINCIPAL': 8211300, 'CNAE_SECUNDARIA': 4781400, 'count': 1}"
8211300,"{'CNAE_PRINCIPAL': 8211300, 'count': 2}"
8211300,"{'CNAE_PRINCIPAL': 8211300, 'CNAE_SECUNDARIA': 8219999, 'count': 1}"
4789099,"{'CNAE_PRINCIPAL': 4789099, 'count': 5}"
4789099,"{'CNAE_PRINCIPAL': 4789099, 'CNAE_SECUNDARIA': '3314713,7120100,8599604,3314799', 'count': 1}"
4789099,"{'CNAE_PRINCIPAL': 4789099, 'CNAE_SECUNDARIA': '4789003,4752100,4751201,4771701,4753900,4772500,4789005', 'count': 1}"
4789099,"{'CNAE_PRINCIPAL': 4789099, 'CNAE_SECUNDARIA': '5620104,1093701,1091102', 'count': 1}"
7319099,"{'CNAE_PRINCIPAL': 7319099, 'CNAE_SECUNDARIA': 9609299, 'count': 1}"
7319099,"{'CNAE_PRINCIPAL': 7319099, 'count': 1}"
4744002,"{'CNAE_PRINCIPAL': 4744002, 'CNAE_SECUNDARIA': '4330402,4754701,4759899,4785799,4789003', 'count': 1}"
4781400,"{'CNAE_PRINCIPAL': 4781400, 'CNAE_SECUNDARIA': 4763601, 'count': 1}"
4781400,"{'CNAE_PRINCIPAL': 4781400, 'CNAE_SECUNDARIA': '4782201,4782202', 'count': 1}"
4781400,"{'CNAE_PRINCIPAL': 4781400, 'CNAE_SECUNDARIA': 4789001, 'count': 1}"
4781400,"{'CNAE_PRINCIPAL': 4781400, 'CNAE_SECUNDARIA': '4782201,4789001,4713004,4713002', 'count': 1}"
4781400,"{'CNAE_PRINCIPAL': 4781400, 'CNAE_SECUNDARIA': '1091102,3299099', 'count': 1}"
4781400,"{'CNAE_PRINCIPAL': 4781400, 'CNAE_SECUNDARIA': '4755503,4772500', 'count': 1}"
4781400,"{'CNAE_PRINCIPAL': 4781400, 'CNAE_SECUNDARIA': '3212400,4782201,4772500', 'count': 1}"
4781400,"{'CNAE_PRINCIPAL': 4781400, 'CNAE_SECUNDARIA': 4772500, 'count': 5}"
4781400,"{'CNAE_PRINCIPAL': 4781400, 'CNAE_SECUNDARIA': '4789001,4782201,4772500', 'count': 2}"
4781400,"{'CNAE_PRINCIPAL': 4781400, 'CNAE_SECUNDARIA': 4763602, 'count': 1}"
4781400,"{'CNAE_PRINCIPAL': 4781400, 'CNAE_SECUNDARIA': '4783102,4783101,4789001,4789003,4789099,4774100,4782201,4772500', 'count': 1}"
4781400,"{'CNAE_PRINCIPAL': 4781400, 'CNAE_SECUNDARIA': 1340599, 'count': 1}"
4781400,"{'CNAE_PRINCIPAL': 4781400, 'CNAE_SECUNDARIA': '4755503,4754702,4763602,4782201,4789099,4789001,4755501', 'count': 1}"
4781400,"{'CNAE_PRINCIPAL': 4781400, 'CNAE_SECUNDARIA': '4755501,4755502,4755503,4782201,4782202,4789001,4789099', 'count': 1}"
4781400,"{'CNAE_PRINCIPAL': 4781400, 'CNAE_SECUNDARIA': '1412602,3212400,1340599', 'count': 1}"
4781400,"{'CNAE_PRINCIPAL': 4781400, 'CNAE_SECUNDARIA': '4755502,4759801,4763602', 'count': 1}"
4781400,"{'CNAE_PRINCIPAL': 4781400, 'CNAE_SECUNDARIA': '4330405,5620104,1539400,1031700,4789099,1531902,4729699,4772500', 'count': 1}"
4781400,"{'CNAE_PRINCIPAL': 4781400, 'CNAE_SECUNDARIA': '4772500,4782201', 'count': 1}"
4781400,"{'CNAE_PRINCIPAL': 4781400, 'CNAE_SECUNDARIA': '4755501,4789001,4755502,4763602,4755503,4763601,4772500,4782201', 'count': 1}"
4781400,"{'CNAE_PRINCIPAL': 4781400, 'CNAE_SECUNDARIA': '4783102,4783101,4782201', 'count': 1}"
4781400,"{'CNAE_PRINCIPAL': 4781400, 'CNAE_SECUNDARIA': '4789001,1340599', 'count': 1}"
4781400,"{'CNAE_PRINCIPAL': 4781400, 'CNAE_SECUNDARIA': '4763601,4755503,4755502,4789001,4789099,4782201,4772500', 'count': 1}"
4781400,"{'CNAE_PRINCIPAL': 4781400, 'CNAE_SECUNDARIA': '4763601,4789001,4782201', 'count': 1}"
4781400,"{'CNAE_PRINCIPAL': 4781400, 'count': 28}"
4781400,"{'CNAE_PRINCIPAL': 4781400, 'CNAE_SECUNDARIA': 4755502, 'count': 2}"
4781400,"{'CNAE_PRINCIPAL': 4781400, 'CNAE_SECUNDARIA': 3212400, 'count': 1}"
4781400,"{'CNAE_PRINCIPAL': 4781400, 'CNAE_SECUNDARIA': '4755503,4783101,4782202', 'count': 1}"
4781400,"{'CNAE_PRINCIPAL': 4781400, 'CNAE_SECUNDARIA': '4755503,4755502,4789099,4782201,4772500', 'count': 1}"
4781400,"{'CNAE_PRINCIPAL': 4781400, 'CNAE_SECUNDARIA': '4782202,4782201,4772500,4789001', 'count': 1}"
4781400,"{'CNAE_PRINCIPAL': 4781400, 'CNAE_SECUNDARIA': 4782201, 'count': 2}"
4781400,"{'CNAE_PRINCIPAL': 4781400, 'CNAE_SECUNDARIA': '4789099,4772500', 'count': 1}"
4781400,"{'CNAE_PRINCIPAL': 4781400, 'CNAE_SECUNDARIA': 4755503, 'count': 2}"
4781400,"{'CNAE_PRINCIPAL': 4781400, 'CNAE_SECUNDARIA': '4782201,4789001', 'count': 1}"
4781400,"{'CNAE_PRINCIPAL': 4781400, 'CNAE_SECUNDARIA': '4782202,4789001,4763601', 'count': 1}"
4520001,"{'CNAE_PRINCIPAL': 4520001, 'count': 2}"
4520001,"{'CNAE_PRINCIPAL': 4520001, 'CNAE_SECUNDARIA': '4754701,4744002,4744001', 'count': 1}"
4520001,"{'CNAE_PRINCIPAL': 4520001, 'CNAE_SECUNDARIA': 4732600, 'count': 1}"
4520001,"{'CNAE_PRINCIPAL': 4520001, 'CNAE_SECUNDARIA': '4330404,4330402,4321500,4399103', 'count': 1}"
4520001,"{'CNAE_PRINCIPAL': 4520001, 'CNAE_SECUNDARIA': '4530704,4732600,4530703,4520004,4520003,4520006,5229002,4772500', 'count': 1}"
4520001,"{'CNAE_PRINCIPAL': 4520001, 'CNAE_SECUNDARIA': '4530703,7739099,7719599,7711000', 'count': 1}"
4520001,"{'CNAE_PRINCIPAL': 4520001, 'CNAE_SECUNDARIA': '8599605,4530703,8599604,4530704,4757100', 'count': 1}"
4520001,"{'CNAE_PRINCIPAL': 4520001, 'CNAE_SECUNDARIA': '3314712,3314701', 'count': 1}"
4520001,"{'CNAE_PRINCIPAL': 4520001, 'CNAE_SECUNDARIA': '4530704,5229002', 'count': 1}"
4520001,"{'CNAE_PRINCIPAL': 4520001, 'CNAE_SECUNDARIA': 4520003, 'count': 1}"
4646001,"{'CNAE_PRINCIPAL': 4646001, 'CNAE_SECUNDARIA': '4772500,4646002,4684299,2063100', 'count': 1}"
3313901,"{'CNAE_PRINCIPAL': 3313901, 'count': 1}"
7319003,"{'CNAE_PRINCIPAL': 7319003, 'count': 4}"
7319003,"{'CNAE_PRINCIPAL': 7319003, 'CNAE_SECUNDARIA': '5620104,8230001,7420001,5812302,8599699,5812301,5912099,1091102', 'count': 1}"
7319003,"{'CNAE_PRINCIPAL': 7319003, 'CNAE_SECUNDARIA': '5612100,4789001,9700500,9602502', 'count': 1}"
7319003,"{'CNAE_PRINCIPAL': 7319003, 'CNAE_SECUNDARIA': 7420001, 'count': 1}"
4729601,"{'CNAE_PRINCIPAL': 4729601, 'CNAE_SECUNDARIA': 4723700, 'count': 1}"
6463800,"{'CNAE_PRINCIPAL': 6463800, 'count': 3}"
6463800,"{'CNAE_PRINCIPAL': 6463800, 'CNAE_SECUNDARIA': '6630400,6822600', 'count': 1}"
6463800,"{'CNAE_PRINCIPAL': 6463800, 'CNAE_SECUNDARIA': '6462000,7020400', 'count': 1}"
3811400,"{'CNAE_PRINCIPAL': 3811400, 'CNAE_SECUNDARIA': '3832700,3831901,3831999,4744001,3839499', 'count': 1}"
3811400,"{'CNAE_PRINCIPAL': 3811400, 'count': 2}"
3811400,"{'CNAE_PRINCIPAL': 3811400, 'CNAE_SECUNDARIA': 5612100, 'count': 1}"
4773300,"{'CNAE_PRINCIPAL': 4773300, 'CNAE_SECUNDARIA': '4729699,4772500,7729203', 'count': 1}"
4773300,"{'CNAE_PRINCIPAL': 4773300, 'count': 1}"
1411802,"{'CNAE_PRINCIPAL': 1411802, 'CNAE_SECUNDARIA': '4781400,1412603', 'count': 1}"
6920602,"{'CNAE_PRINCIPAL': 6920602, 'CNAE_SECUNDARIA': 7020400, 'count': 1}"
8230002,"{'CNAE_PRINCIPAL': 8230002, 'CNAE_SECUNDARIA': 4781400, 'count': 1}"
8230002,"{'CNAE_PRINCIPAL': 8230002, 'CNAE_SECUNDARIA': 7911200, 'count': 1}"
8230002,"{'CNAE_PRINCIPAL': 8230002, 'count': 1}"
132600,"{'CNAE_PRINCIPAL': 132600, 'CNAE_SECUNDARIA': '0133402,0133499,0161001,0161003,0161099,0230600,4120400,4211101,4212000,4213800,4299599,4311802,4313400,4319300,7731400', 'count': 1}"
4789003,"{'CNAE_PRINCIPAL': 4789003, 'count': 1}"
4330405,"{'CNAE_PRINCIPAL': 4330405, 'count': 1}"
4751201,"{'CNAE_PRINCIPAL': 4751201, 'CNAE_SECUNDARIA': '4752100,8299707', 'count': 1}"
4751201,"{'CNAE_PRINCIPAL': 4751201, 'CNAE_SECUNDARIA': '9511800,8599699,5912099,8219999,3240099', 'count': 1}"
4751201,"{'CNAE_PRINCIPAL': 4751201, 'CNAE_SECUNDARIA': 9511800, 'count': 1}"
4751201,"{'CNAE_PRINCIPAL': 4751201, 'count': 2}"
4751201,"{'CNAE_PRINCIPAL': 4751201, 'CNAE_SECUNDARIA': '8599603,8599604,9511800', 'count': 1}"
4751201,"{'CNAE_PRINCIPAL': 4751201, 'CNAE_SECUNDARIA': '9511800,4752100,4757100,4723700,4321500,4759899', 'count': 1}"
4751201,"{'CNAE_PRINCIPAL': 4751201, 'CNAE_SECUNDARIA': '6203100,9511800,6311900,7490104,6204000,6209100,6202300,6201501,6319400,7733100', 'count': 1}"
9609299,"{'CNAE_PRINCIPAL': 9609299, 'CNAE_SECUNDARIA': '9329899,4789099,7319003,5811500,3299099', 'count': 1}"
4712100,"{'CNAE_PRINCIPAL': 4712100, 'CNAE_SECUNDARIA': 4723700, 'count': 2}"
4712100,"{'CNAE_PRINCIPAL': 4712100, 'CNAE_SECUNDARIA': '5620104,4723700', 'count': 1}"
4712100,"{'CNAE_PRINCIPAL': 4712100, 'CNAE_SECUNDARIA': '5611203,5611204', 'count': 1}"
4712100,"{'CNAE_PRINCIPAL': 4712100, 'count': 11}"
4712100,"{'CNAE_PRINCIPAL': 4712100, 'CNAE_SECUNDARIA': 4722901, 'count': 1}"
4712100,"{'CNAE_PRINCIPAL': 4712100, 'CNAE_SECUNDARIA': '1091102,4637107,4721102,4722901,4723700,4724500,4753900,4755502,4755503,4761003,4763601,4772500,4781400,4789004,4789005', 'count': 1}"
4712100,"{'CNAE_PRINCIPAL': 4712100, 'CNAE_SECUNDARIA': '4724500,4723700,5310502', 'count': 1}"
7830200,"{'CNAE_PRINCIPAL': 7830200, 'CNAE_SECUNDARIA': '7810800,8599604', 'count': 1}"
6209100,"{'CNAE_PRINCIPAL': 6209100, 'CNAE_SECUNDARIA': '6204000,6311900,6201501', 'count': 1}"
1813099,"{'CNAE_PRINCIPAL': 1813099, 'CNAE_SECUNDARIA': '7420001,5819100,4789008,1813001,4751201', 'count': 1}"
1813099,"{'CNAE_PRINCIPAL': 1813099, 'CNAE_SECUNDARIA': '4755503,1412601,1412602,4781400', 'count': 1}"
2063100,"{'CNAE_PRINCIPAL': 2063100, 'CNAE_SECUNDARIA': 4772500, 'count': 1}"
2063100,"{'CNAE_PRINCIPAL': 2063100, 'CNAE_SECUNDARIA': '4755503,2062200,1732000,4789001,4781400,4789099,1749400,4729699,1813099,4782201,4772500', 'count': 1}"
6424703,"{'CNAE_PRINCIPAL': 6424703, 'count': 1}"
8800600,"{'CNAE_PRINCIPAL': 8800600, 'CNAE_SECUNDARIA': 8592999, 'count': 1}"
9529199,"{'CNAE_PRINCIPAL': 9529199, 'CNAE_SECUNDARIA': '4763603,4763602', 'count': 1}"
8122200,"{'CNAE_PRINCIPAL': 8122200, 'CNAE_SECUNDARIA': '3702900,9609299', 'count': 1}"
4789005,"{'CNAE_PRINCIPAL': 4789005, 'CNAE_SECUNDARIA': 4772500, 'count': 2}"
4789005,"{'CNAE_PRINCIPAL': 4789005, 'count': 1}"
4789005,"{'CNAE_PRINCIPAL': 4789005, 'CNAE_SECUNDARIA': '4789099,7319002,4755503,4754701,4753900,4773300,4772500', 'count': 1}"
4520005,"{'CNAE_PRINCIPAL': 4520005, 'CNAE_SECUNDARIA': 5611204, 'count': 1}"
4520005,"{'CNAE_PRINCIPAL': 4520005, 'count': 5}"
3314701,"{'CNAE_PRINCIPAL': 3314701, 'count': 1}"
7729202,"{'CNAE_PRINCIPAL': 7729202, 'CNAE_SECUNDARIA': 4789099, 'count': 1}"
7729202,"{'CNAE_PRINCIPAL': 7729202, 'count': 1}"
3600601,"{'CNAE_PRINCIPAL': 3600601, 'CNAE_SECUNDARIA': '3702900,3811400,7112000,8129000,8130300', 'count': 1}"
4754701,"{'CNAE_PRINCIPAL': 4754701, 'CNAE_SECUNDARIA': 4753900, 'count': 1}"
4754701,"{'CNAE_PRINCIPAL': 4754701, 'CNAE_SECUNDARIA': 3101200, 'count': 1}"
9430800,"{'CNAE_PRINCIPAL': 9430800, 'count': 2}"
9430800,"{'CNAE_PRINCIPAL': 9430800, 'CNAE_SECUNDARIA': '9493600,9499500', 'count': 1}"
9430800,"{'CNAE_PRINCIPAL': 9430800, 'CNAE_SECUNDARIA': 9499500, 'count': 1}"
8219901,"{'CNAE_PRINCIPAL': 8219901, 'CNAE_SECUNDARIA': '4752100,4751201', 'count': 1}"
3314708,"{'CNAE_PRINCIPAL': 3314708, 'CNAE_SECUNDARIA': 3314799, 'count': 1}"
1351100,"{'CNAE_PRINCIPAL': 1351100, 'CNAE_SECUNDARIA': 1359600, 'count': 1}"
9412099,"{'CNAE_PRINCIPAL': 9412099, 'count': 2}"
4723700,"{'CNAE_PRINCIPAL': 4723700, 'CNAE_SECUNDARIA': '4712100,5611203,4729602', 'count': 1}"
4723700,"{'CNAE_PRINCIPAL': 4723700, 'CNAE_SECUNDARIA': '4729601,4721103,4713002,4789005,4772500', 'count': 1}"
4723700,"{'CNAE_PRINCIPAL': 4723700, 'count': 8}"
4723700,"{'CNAE_PRINCIPAL': 4723700, 'CNAE_SECUNDARIA': 5611201, 'count': 1}"
4723700,"{'CNAE_PRINCIPAL': 4723700, 'CNAE_SECUNDARIA': '4930201,4755502,4789099', 'count': 1}"
4723700,"{'CNAE_PRINCIPAL': 4723700, 'CNAE_SECUNDARIA': '4789099,3600602', 'count': 1}"
4723700,"{'CNAE_PRINCIPAL': 4723700, 'CNAE_SECUNDARIA': '4789099,4752100', 'count': 1}"
4723700,"{'CNAE_PRINCIPAL': 4723700, 'CNAE_SECUNDARIA': '4712100,5611204', 'count': 1}"
4774100,"{'CNAE_PRINCIPAL': 4774100, 'CNAE_SECUNDARIA': '4783102,9529199,4789008', 'count': 1}"
4774100,"{'CNAE_PRINCIPAL': 4774100, 'count': 1}"
4642701,"{'CNAE_PRINCIPAL': 4642701, 'CNAE_SECUNDARIA': '4643501,4641902', 'count': 1}"
9492800,"{'CNAE_PRINCIPAL': 9492800, 'count': 1}"
7990200,"{'CNAE_PRINCIPAL': 7990200, 'CNAE_SECUNDARIA': '7912100,8592999,8230001,8599604', 'count': 1}"
4742300,"{'CNAE_PRINCIPAL': 4742300, 'count': 1}"
4930204,"{'CNAE_PRINCIPAL': 4930204, 'count': 3}"
4930204,"{'CNAE_PRINCIPAL': 4930204, 'CNAE_SECUNDARIA': 4930202, 'count': 1}"
3101200,"{'CNAE_PRINCIPAL': 3101200, 'CNAE_SECUNDARIA': '4930204,4754701,3329501,4744002', 'count': 1}"
3101200,"{'CNAE_PRINCIPAL': 3101200, 'count': 5}"
7732201,"{'CNAE_PRINCIPAL': 7732201, 'CNAE_SECUNDARIA': '3839499,4313400,4330404,4330499,7739099,7820500,8129000', 'count': 1}"
7732201,"{'CNAE_PRINCIPAL': 7732201, 'CNAE_SECUNDARIA': 3321000, 'count': 1}"
4930201,"{'CNAE_PRINCIPAL': 4930201, 'CNAE_SECUNDARIA': '4930204,4929901', 'count': 1}"
4930201,"{'CNAE_PRINCIPAL': 4930201, 'CNAE_SECUNDARIA': 4755503, 'count': 1}"
4930201,"{'CNAE_PRINCIPAL': 4930201, 'CNAE_SECUNDARIA': '3811400,4930204,4930202', 'count': 1}"
4930201,"{'CNAE_PRINCIPAL': 4930201, 'CNAE_SECUNDARIA': '4930202,5212500,5250804', 'count': 1}"
4930201,"{'CNAE_PRINCIPAL': 4930201, 'count': 5}"
4930201,"{'CNAE_PRINCIPAL': 4930201, 'CNAE_SECUNDARIA': '7711000,7732201,7731400,7739099,7719599,0161099', 'count': 1}"
4930201,"{'CNAE_PRINCIPAL': 4930201, 'CNAE_SECUNDARIA': 4930204, 'count': 2}"
9609208,"{'CNAE_PRINCIPAL': 9609208, 'count': 2}"
4763601,"{'CNAE_PRINCIPAL': 4763601, 'count': 2}"
4763601,"{'CNAE_PRINCIPAL': 4763601, 'CNAE_SECUNDARIA': '4757100,4789005', 'count': 1}"
7721700,"{'CNAE_PRINCIPAL': 7721700, 'CNAE_SECUNDARIA': 9329803, 'count': 1}"
7721700,"{'CNAE_PRINCIPAL': 7721700, 'count': 2}"
3314711,"{'CNAE_PRINCIPAL': 3314711, 'CNAE_SECUNDARIA': '4930201,5612100,5620101,4530703,4789005,0161001,4929901,4520001', 'count': 1}"
4520002,"{'CNAE_PRINCIPAL': 4520002, 'CNAE_SECUNDARIA': '4530704,4530703', 'count': 1}"
4520002,"{'CNAE_PRINCIPAL': 4520002, 'CNAE_SECUNDARIA': '4520001,4520005', 'count': 1}"
4520002,"{'CNAE_PRINCIPAL': 4520002, 'count': 3}"
4520002,"{'CNAE_PRINCIPAL': 4520002, 'CNAE_SECUNDARIA': '4520001,4520004,4530703', 'count': 1}"
9001901,"{'CNAE_PRINCIPAL': 9001901, 'CNAE_SECUNDARIA': '7739099,8592999,8230001,8599699,8592902', 'count': 1}"
8630501,"{'CNAE_PRINCIPAL': 8630501, 'CNAE_SECUNDARIA': '8630503,8650004,9602502', 'count': 1}"
8130300,"{'CNAE_PRINCIPAL': 8130300, 'count': 3}"
8230001,"{'CNAE_PRINCIPAL': 8230001, 'CNAE_SECUNDARIA': '4322303,4781400,4789099', 'count': 1}"
8230001,"{'CNAE_PRINCIPAL': 8230001, 'CNAE_SECUNDARIA': 7319002, 'count': 2}"
8230001,"{'CNAE_PRINCIPAL': 8230001, 'CNAE_SECUNDARIA': 7729202, 'count': 1}"
8230001,"{'CNAE_PRINCIPAL': 8230001, 'count': 5}"
8230001,"{'CNAE_PRINCIPAL': 8230001, 'CNAE_SECUNDARIA': 4781400, 'count': 1}"
2543800,"{'CNAE_PRINCIPAL': 2543800, 'CNAE_SECUNDARIA': '2229301,2229302,2593400,3240099', 'count': 1}"
139306,"{'CNAE_PRINCIPAL': 139306, 'count': 2}"
4744099,"{'CNAE_PRINCIPAL': 4744099, 'CNAE_SECUNDARIA': '4789099,4723700', 'count': 1}"
4744099,"{'CNAE_PRINCIPAL': 4744099, 'count': 5}"
4744099,"{'CNAE_PRINCIPAL': 4744099, 'CNAE_SECUNDARIA': '4744001,4744002,4744003,4744004,4744005,4744006,4754703,4789004,4930202,7739099', 'count': 1}"
4744099,"{'CNAE_PRINCIPAL': 4744099, 'CNAE_SECUNDARIA': 4729699, 'count': 1}"
4930203,"{'CNAE_PRINCIPAL': 4930203, 'CNAE_SECUNDARIA': 4930202, 'count': 1}"
8599604,"{'CNAE_PRINCIPAL': 8599604, 'CNAE_SECUNDARIA': '6920601,8599605,8599699', 'count': 1}"
8599604,"{'CNAE_PRINCIPAL': 8599604, 'CNAE_SECUNDARIA': '8599605,4322301,8599699', 'count': 1}"
8599604,"{'CNAE_PRINCIPAL': 8599604, 'count': 2}"
8599604,"{'CNAE_PRINCIPAL': 8599604, 'CNAE_SECUNDARIA': 8599605, 'count': 1}"
6912500,"{'CNAE_PRINCIPAL': 6912500, 'count': 1}"
3299003,"{'CNAE_PRINCIPAL': 3299003, 'count': 1}"
4724500,"{'CNAE_PRINCIPAL': 4724500, 'CNAE_SECUNDARIA': 5612100, 'count': 1}"
4724500,"{'CNAE_PRINCIPAL': 4724500, 'count': 2}"
4724500,"{'CNAE_PRINCIPAL': 4724500, 'CNAE_SECUNDARIA': 4712100, 'count': 1}"
7490104,"{'CNAE_PRINCIPAL': 7490104, 'CNAE_SECUNDARIA': '4618401,5250801', 'count': 1}"
8112500,"{'CNAE_PRINCIPAL': 8112500, 'count': 5}"
3299002,"{'CNAE_PRINCIPAL': 3299002, 'count': 1}"
5912099,"{'CNAE_PRINCIPAL': 5912099, 'CNAE_SECUNDARIA': '7420001,7420004', 'count': 1}"
6319400,"{'CNAE_PRINCIPAL': 6319400, 'count': 1}"
4329104,"{'CNAE_PRINCIPAL': 4329104, 'count': 1}"
152102,"{'CNAE_PRINCIPAL': 152102, 'CNAE_SECUNDARIA': '0151201,0151202,0162899', 'count': 1}"
4743100,"{'CNAE_PRINCIPAL': 4743100, 'CNAE_SECUNDARIA': '4744001,4729602,4723700,4330402', 'count': 1}"
4743100,"{'CNAE_PRINCIPAL': 4743100, 'CNAE_SECUNDARIA': 4330499, 'count': 1}"
4729699,"{'CNAE_PRINCIPAL': 4729699, 'CNAE_SECUNDARIA': 5612100, 'count': 1}"
4729699,"{'CNAE_PRINCIPAL': 4729699, 'CNAE_SECUNDARIA': '4721103,5612100', 'count': 1}"
4729699,"{'CNAE_PRINCIPAL': 4729699, 'CNAE_SECUNDARIA': '4763602,4755502', 'count': 1}"
4729699,"{'CNAE_PRINCIPAL': 4729699, 'count': 5}"
4729699,"{'CNAE_PRINCIPAL': 4729699, 'CNAE_SECUNDARIA': 1053800, 'count': 1}"
4729699,"{'CNAE_PRINCIPAL': 4729699, 'CNAE_SECUNDARIA': '5611203,5611204', 'count': 1}"
2511000,"{'CNAE_PRINCIPAL': 2511000, 'CNAE_SECUNDARIA': '2439300,2599302,4613300,4614100,4619200,4669999,4672900,4673700,4679604', 'count': 1}"
9313100,"{'CNAE_PRINCIPAL': 9313100, 'CNAE_SECUNDARIA': '4729699,4763602', 'count': 1}"
9313100,"{'CNAE_PRINCIPAL': 9313100, 'count': 2}"
5320202,"{'CNAE_PRINCIPAL': 5320202, 'count': 4}"
5320202,"{'CNAE_PRINCIPAL': 5320202, 'CNAE_SECUNDARIA': '4923001,4782201', 'count': 1}"
4772500,"{'CNAE_PRINCIPAL': 4772500, 'CNAE_SECUNDARIA': 4782202, 'count': 1}"
4772500,"{'CNAE_PRINCIPAL': 4772500, 'CNAE_SECUNDARIA': '9602501,4781400,4789099', 'count': 1}"
4772500,"{'CNAE_PRINCIPAL': 4772500, 'CNAE_SECUNDARIA': '4763601,4755502,4789001,8219901,4789099,4789005', 'count': 1}"
4772500,"{'CNAE_PRINCIPAL': 4772500, 'CNAE_SECUNDARIA': '4755503,4761003,4781400,4782201,4782202,4783101,4783102,4789001', 'count': 1}"
4772500,"{'CNAE_PRINCIPAL': 4772500, 'count': 9}"
4772500,"{'CNAE_PRINCIPAL': 4772500, 'CNAE_SECUNDARIA': '4646001,7729202', 'count': 1}"
4772500,"{'CNAE_PRINCIPAL': 4772500, 'CNAE_SECUNDARIA': '4646001,4637199,4729699,8219999,7020400', 'count': 1}"
4772500,"{'CNAE_PRINCIPAL': 4772500, 'CNAE_SECUNDARIA': 9602502, 'count': 1}"
6810201,"{'CNAE_PRINCIPAL': 6810201, 'CNAE_SECUNDARIA': 6810202, 'count': 1}"
1610203,"{'CNAE_PRINCIPAL': 1610203, 'CNAE_SECUNDARIA': 210107, 'count': 1}"
4329103,"{'CNAE_PRINCIPAL': 4329103, 'CNAE_SECUNDARIA': '6399200,8111700,8121400,8129000,8219999,8599604', 'count': 1}"
8030700,"{'CNAE_PRINCIPAL': 8030700, 'count': 1}"
9602502,"{'CNAE_PRINCIPAL': 9602502, 'CNAE_SECUNDARIA': '9602501,8599699,4772500', 'count': 1}"
9602502,"{'CNAE_PRINCIPAL': 9602502, 'CNAE_SECUNDARIA': '5612100,9602501,4789099,4772500,4773300', 'count': 1}"
9602502,"{'CNAE_PRINCIPAL': 9602502, 'count': 9}"
9602502,"{'CNAE_PRINCIPAL': 9602502, 'CNAE_SECUNDARIA': 9602501, 'count': 1}"
9602502,"{'CNAE_PRINCIPAL': 9602502, 'CNAE_SECUNDARIA': 4772500, 'count': 1}"
2539001,"{'CNAE_PRINCIPAL': 2539001, 'CNAE_SECUNDARIA': 4399199, 'count': 1}"
3321000,"{'CNAE_PRINCIPAL': 3321000, 'CNAE_SECUNDARIA': '4322303,4751201,4322302,8599604,4789007', 'count': 1}"
3321000,"{'CNAE_PRINCIPAL': 3321000, 'CNAE_SECUNDARIA': '4399103,3314702,2543800', 'count': 1}"
3321000,"{'CNAE_PRINCIPAL': 3321000, 'count': 1}"
3321000,"{'CNAE_PRINCIPAL': 3321000, 'CNAE_SECUNDARIA': '9511800,8599603,6190699', 'count': 1}"
8291100,"{'CNAE_PRINCIPAL': 8291100, 'CNAE_SECUNDARIA': 8211300, 'count': 1}"
4530702,"{'CNAE_PRINCIPAL': 4530702, 'count': 1}"
6391700,"{'CNAE_PRINCIPAL': 6391700, 'count': 1}"
8630504,"{'CNAE_PRINCIPAL': 8630504, 'CNAE_SECUNDARIA': 8640205, 'count': 1}"
8630504,"{'CNAE_PRINCIPAL': 8630504, 'count': 1}"
7420001,"{'CNAE_PRINCIPAL': 7420001, 'CNAE_SECUNDARIA': '4754703,7420004,4789008', 'count': 1}"
7420001,"{'CNAE_PRINCIPAL': 7420001, 'CNAE_SECUNDARIA': 5912099, 'count': 1}"
7420001,"{'CNAE_PRINCIPAL': 7420001, 'count': 1}"
7420001,"{'CNAE_PRINCIPAL': 7420001, 'CNAE_SECUNDARIA': 4330404, 'count': 1}"
7420001,"{'CNAE_PRINCIPAL': 7420001, 'CNAE_SECUNDARIA': 8230001, 'count': 1}"
7420001,"{'CNAE_PRINCIPAL': 7420001, 'CNAE_SECUNDARIA': '4789001,9511800,4781400,8599603,4752100,6190699,8219999,4520005,4785799,4789008,4751201', 'count': 1}"
7420001,"{'CNAE_PRINCIPAL': 7420001, 'CNAE_SECUNDARIA': '5812302,5812301,7420002,5912099,8219999,5811500,5819100,5813100', 'count': 1}"
7420001,"{'CNAE_PRINCIPAL': 7420001, 'CNAE_SECUNDARIA': '8592999,9002702,8230001,9001906,1813099,3299099', 'count': 1}"
7420001,"{'CNAE_PRINCIPAL': 7420001, 'CNAE_SECUNDARIA': '5819100,5811500,5620104,5812302,5912099,1096100,5812301,4759899,5813100,4753900,8230001', 'count': 1}"
161002,"{'CNAE_PRINCIPAL': 161002, 'CNAE_SECUNDARIA': 1622699, 'count': 1}"
151202,"{'CNAE_PRINCIPAL': 151202, 'CNAE_SECUNDARIA': 151201, 'count': 2}"
1412601,"{'CNAE_PRINCIPAL': 1412601, 'CNAE_SECUNDARIA': '1412602,4772500', 'count': 1}"
1412601,"{'CNAE_PRINCIPAL': 1412601, 'CNAE_SECUNDARIA': '4781400,1412602,7723300', 'count': 1}"
1412601,"{'CNAE_PRINCIPAL': 1412601, 'count': 7}"
1412601,"{'CNAE_PRINCIPAL': 1412601, 'CNAE_SECUNDARIA': 1412602, 'count': 1}"
8650004,"{'CNAE_PRINCIPAL': 8650004, 'count': 2}"
4929902,"{'CNAE_PRINCIPAL': 4929902, 'CNAE_SECUNDARIA': '7911200,4929901', 'count': 1}"
9411100,"{'CNAE_PRINCIPAL': 9411100, 'CNAE_SECUNDARIA': '7020400,8230001,8299799,9499500', 'count': 1}"
1414200,"{'CNAE_PRINCIPAL': 1414200, 'CNAE_SECUNDARIA': '1521100,1529700', 'count': 1}"
4623109,"{'CNAE_PRINCIPAL': 4623109, 'CNAE_SECUNDARIA': '0162801,4619200,4623101,4623106,4683400,4692300,4744001,4771704,4789002,4789004,4789005,4789099,4930201,4930202,7490103,7490199,7500100', 'count': 1}"
4665600,"{'CNAE_PRINCIPAL': 4665600, 'CNAE_SECUNDARIA': '3314707,4614100,4649401,4661300,4751201,4753900,4789007,9511800', 'count': 1}"
8592999,"{'CNAE_PRINCIPAL': 8592999, 'CNAE_SECUNDARIA': '9602502,8592902', 'count': 1}"
8592999,"{'CNAE_PRINCIPAL': 8592999, 'CNAE_SECUNDARIA': '9001901,3811400,8230001,8599699,8599604,3299099', 'count': 1}"
8592999,"{'CNAE_PRINCIPAL': 8592999, 'CNAE_SECUNDARIA': '9329899,8599604,8592902,8592903', 'count': 1}"
8592999,"{'CNAE_PRINCIPAL': 8592999, 'CNAE_SECUNDARIA': '9319199,9499500,0161099', 'count': 1}"
4752100,"{'CNAE_PRINCIPAL': 4752100, 'CNAE_SECUNDARIA': '4753900,4762800,4789007,4751201', 'count': 1}"
4752100,"{'CNAE_PRINCIPAL': 4752100, 'CNAE_SECUNDARIA': '3313999,9512600,9521500,9511800,4751201', 'count': 1}"
4752100,"{'CNAE_PRINCIPAL': 4752100, 'count': 1}"
4752100,"{'CNAE_PRINCIPAL': 4752100, 'CNAE_SECUNDARIA': '8299799,6399200', 'count': 1}"
8299799,"{'CNAE_PRINCIPAL': 8299799, 'CNAE_SECUNDARIA': '2511000,2512800,4744005,4930202,4930201,7732201,7739099,7732202,3321000,4399199,3329599,4399104', 'count': 1}"
1122499,"{'CNAE_PRINCIPAL': 1122499, 'count': 1}"
4330499,"{'CNAE_PRINCIPAL': 4330499, 'count': 1}"
4330499,"{'CNAE_PRINCIPAL': 4330499, 'CNAE_SECUNDARIA': '4330405,4330404,4399199,4330402', 'count': 1}"
5620101,"{'CNAE_PRINCIPAL': 5620101, 'CNAE_SECUNDARIA': '5620104,5611201', 'count': 1}"
5620101,"{'CNAE_PRINCIPAL': 5620101, 'CNAE_SECUNDARIA': '5620104,5611203,1094500,1091102', 'count': 1}"
5620101,"{'CNAE_PRINCIPAL': 5620101, 'CNAE_SECUNDARIA': 5612100, 'count': 1}"
5620101,"{'CNAE_PRINCIPAL': 5620101, 'CNAE_SECUNDARIA': '5620104,5612100,5611201', 'count': 1}"
4759899,"{'CNAE_PRINCIPAL': 4759899, 'CNAE_SECUNDARIA': '4763601,4721104,4755501,4753900,4751201,4713002', 'count': 1}"
4759899,"{'CNAE_PRINCIPAL': 4759899, 'count': 2}"
4759899,"{'CNAE_PRINCIPAL': 4759899, 'CNAE_SECUNDARIA': '4721104,4755502,4781400,4772500,4761003,4789001,4763601,4789099', 'count': 1}"
9001902,"{'CNAE_PRINCIPAL': 9001902, 'CNAE_SECUNDARIA': '5811500,5813100,5920100,7420001,7420004,7490105,7729202,8230001,8592903,8592999,8599699', 'count': 1}"
9001902,"{'CNAE_PRINCIPAL': 9001902, 'count': 2}"
9001902,"{'CNAE_PRINCIPAL': 9001902, 'CNAE_SECUNDARIA': '8599699,8592903', 'count': 2}"
9329899,"{'CNAE_PRINCIPAL': 9329899, 'CNAE_SECUNDARIA': 7721700, 'count': 1}"
9491000,"{'CNAE_PRINCIPAL': 9491000, 'count': 4}"
4744005,"{'CNAE_PRINCIPAL': 4744005, 'count': 1}"
6491300,"{'CNAE_PRINCIPAL': 6491300, 'count': 1}"
5229099,"{'CNAE_PRINCIPAL': 5229099, 'CNAE_SECUNDARIA': '4729601,4723700,3101200,4929901,4929902,4744002', 'count': 1}"
9001906,"{'CNAE_PRINCIPAL': 9001906, 'CNAE_SECUNDARIA': '4321500,4329105,3313901,3313999,4329104', 'count': 1}"
1093701,"{'CNAE_PRINCIPAL': 1093701, 'CNAE_SECUNDARIA': 5620104, 'count': 1}"
7319004,"{'CNAE_PRINCIPAL': 7319004, 'CNAE_SECUNDARIA': 7020400, 'count': 1}"
7119703,"{'CNAE_PRINCIPAL': 7119703, 'CNAE_SECUNDARIA': 7119799, 'count': 1}"
7119703,"{'CNAE_PRINCIPAL': 7119703, 'CNAE_SECUNDARIA': 3329501, 'count': 1}"
4722901,"{'CNAE_PRINCIPAL': 4722901, 'CNAE_SECUNDARIA': '4721103,4712100', 'count': 1}"
4722901,"{'CNAE_PRINCIPAL': 4722901, 'CNAE_SECUNDARIA': '4712100,1013901', 'count': 1}"
4722901,"{'CNAE_PRINCIPAL': 4722901, 'count': 1}"
4722901,"{'CNAE_PRINCIPAL': 4722901, 'CNAE_SECUNDARIA': 4724500, 'count': 1}"
1813001,"{'CNAE_PRINCIPAL': 1813001, 'CNAE_SECUNDARIA': 1813099, 'count': 1}"
9499500,"{'CNAE_PRINCIPAL': 9499500, 'count': 2}"
1094500,"{'CNAE_PRINCIPAL': 1094500, 'CNAE_SECUNDARIA': 4772500, 'count': 1}"
1094500,"{'CNAE_PRINCIPAL': 1094500, 'count': 1}"
4761003,"{'CNAE_PRINCIPAL': 4761003, 'CNAE_SECUNDARIA': '4789001,8219901,4713002,4761001,5819100', 'count': 1}"
7911200,"{'CNAE_PRINCIPAL': 7911200, 'count': 1}"
7911200,"{'CNAE_PRINCIPAL': 7911200, 'CNAE_SECUNDARIA': 7912100, 'count': 1}"
7911200,"{'CNAE_PRINCIPAL': 7911200, 'CNAE_SECUNDARIA': 4782202, 'count': 1}"
4929901,"{'CNAE_PRINCIPAL': 4929901, 'count': 2}"
4753900,"{'CNAE_PRINCIPAL': 4753900, 'count': 1}"
1031700,"{'CNAE_PRINCIPAL': 1031700, 'CNAE_SECUNDARIA': '4729699,1032599', 'count': 1}"
5620102,"{'CNAE_PRINCIPAL': 5620102, 'count': 3}"
9329803,"{'CNAE_PRINCIPAL': 9329803, 'CNAE_SECUNDARIA': '8230001,4781400,8299707,9329804,4772500,4763602', 'count': 1}"
159899,"{'CNAE_PRINCIPAL': 159899, 'count': 1}"
5819100,"{'CNAE_PRINCIPAL': 5819100, 'CNAE_SECUNDARIA': '9001902,8230001,7420001,7319003,5912099,5813100', 'count': 1}"
5819100,"{'CNAE_PRINCIPAL': 5819100, 'CNAE_SECUNDARIA': '7420004,5912099,8219999,7420001', 'count': 1}"
9609206,"{'CNAE_PRINCIPAL': 9609206, 'count': 1}"
9609206,"{'CNAE_PRINCIPAL': 9609206, 'CNAE_SECUNDARIA': '4923001,4723700,4729699', 'count': 1}"
9609206,"{'CNAE_PRINCIPAL': 9609206, 'CNAE_SECUNDARIA': '5611205,8230002', 'count': 1}"
9609206,"{'CNAE_PRINCIPAL': 9609206, 'CNAE_SECUNDARIA': '7420001,7420004,1813099,1813001', 'count': 1}"
3314713,"{'CNAE_PRINCIPAL': 3314713, 'count': 1}"
3314720,"{'CNAE_PRINCIPAL': 3314720, 'count': 1}"
4329101,"{'CNAE_PRINCIPAL': 4329101, 'count': 1}"
4783102,"{'CNAE_PRINCIPAL': 4783102, 'count': 1}"
4783102,"{'CNAE_PRINCIPAL': 4783102, 'CNAE_SECUNDARIA': '4783101,9529106,9529103', 'count': 1}"
2840200,"{'CNAE_PRINCIPAL': 2840200, 'CNAE_SECUNDARIA': '3102100,4754701,4754702', 'count': 1}"
6821801,"{'CNAE_PRINCIPAL': 6821801, 'CNAE_SECUNDARIA': 6822600, 'count': 1}"
8610101,"{'CNAE_PRINCIPAL': 8610101, 'CNAE_SECUNDARIA': '8630503,8630599', 'count': 1}"
4924800,"{'CNAE_PRINCIPAL': 4924800, 'count': 1}"
4924800,"{'CNAE_PRINCIPAL': 4924800, 'CNAE_SECUNDARIA': 4929901, 'count': 1}"
